timestamp,open,high,low,close,volume,close_time,quote_asset_volume,trades,taker_base_vol,taker_quote_vol,ignore
2023-01-01,0.24580000,0.25000000,0.24340000,0.24990000,49487029.50000000,1672617599999,12195300.86294000,26077,26260163.20000000,6472306.00912000,0
2023-01-02,0.24990000,0.25650000,0.24660000,0.25380000,75458284.60000000,1672703999999,19077666.03478000,41366,39026007.30000000,9868596.14302000,0
2023-01-03,0.25380000,0.25550000,0.25020000,0.25290000,71671057.10000000,1672790399999,18118088.32028000,35667,34921017.90000000,8830214.00656000,0
2023-01-04,0.25290000,0.27080000,0.25180000,0.26780000,148810996.50000000,1672876799999,39307216.21345000,81093,77143345.90000000,20391284.27607000,0
2023-01-05,0.26780000,0.27130000,0.26330000,0.26920000,81943632.60000000,1672963199999,21875835.63976000,50246,41577762.60000000,11102597.57660000,0
2023-01-06,0.26920000,0.27980000,0.26710000,0.27860000,171198727.60000000,1673049599999,46709200.59142000,91513,85435452.40000000,23313758.01995000,0
2023-01-07,0.27850000,0.28060000,0.27230000,0.27680000,72623368.20000000,1673135999999,20043246.99803000,43840,34331752.90000000,9475851.34513000,0
2023-01-08,0.27680000,0.29900000,0.27420000,0.29740000,196047722.80000000,1673222399999,56211406.76293000,115112,102786505.60000000,29481600.72780000,0
2023-01-09,0.29750000,0.34600000,0.29550000,0.31680000,405177005.90000000,1673308799999,130535883.67986000,289600,204970775.80000000,66028132.55723000,0
2023-01-10,0.31680000,0.32530000,0.30630000,0.32220000,184082448.10000000,1673395199999,58443335.34537000,111866,92508102.60000000,29379189.34868000,0
2023-01-11,0.32220000,0.32350000,0.30750000,0.32300000,144048586.50000000,1673481599999,45390642.83380000,93951,71986686.40000000,22683947.26887000,0
2023-01-12,0.32300000,0.33510000,0.31540000,0.32930000,248440812.50000000,1673567999999,80984073.16599000,160006,126294016.40000000,41172653.23987000,0
2023-01-13,0.32930000,0.35090000,0.32370000,0.34560000,150546494.00000000,1673654399999,50290558.79069000,132896,75438244.80000000,25211615.56371000,0
2023-01-14,0.34550000,0.36970000,0.33200000,0.35250000,288977177.50000000,1673740799999,102311533.60626000,269368,145077040.50000000,51391276.53754000,0
2023-01-15,0.35260000,0.35390000,0.33850000,0.35070000,132983094.30000000,1673827199999,46120700.65588000,111654,65033920.60000000,22558338.22857000,0
2023-01-16,0.35080000,0.36400000,0.33760000,0.35040000,156864828.50000000,1673913599999,55154485.19975000,135456,77392992.80000000,27219905.33959000,0
2023-01-17,0.35050000,0.35760000,0.34300000,0.34550000,101591352.20000000,1673999999999,35648563.00154000,96893,48489980.60000000,17018564.99565000,0
2023-01-18,0.34550000,0.35550000,0.32370000,0.32640000,170018857.20000000,1674086399999,57705260.14865000,158161,79570251.90000000,27001317.79739000,0
2023-01-19,0.32640000,0.34300000,0.32550000,0.33790000,80228314.70000000,1674172799999,26780825.48138000,72624,39016752.20000000,13024231.14447000,0
2023-01-20,0.33800000,0.36570000,0.33360000,0.36520000,130767450.60000000,1674259199999,45603264.59433000,114788,65123062.00000000,22716523.03645000,0
2023-01-21,0.36510000,0.38070000,0.35690000,0.36870000,228951787.00000000,1674345599999,84320415.92165000,195678,112872294.50000000,41556323.20503000,0
2023-01-22,0.36860000,0.38720000,0.36290000,0.37640000,205382044.00000000,1674431999999,77558380.58987000,184535,99553566.70000000,37602866.43679000,0
2023-01-23,0.37640000,0.38360000,0.36870000,0.37500000,168920181.80000000,1674518399999,63438244.67728000,147715,81879022.10000000,30760516.00165000,0
2023-01-24,0.37500000,0.38300000,0.35520000,0.35870000,111749419.50000000,1674604799999,41728216.60846000,107485,53848740.90000000,20115308.60898000,0
2023-01-25,0.35880000,0.37970000,0.34690000,0.37320000,125501560.20000000,1674691199999,45186532.40450000,122744,59116298.60000000,21301588.09424000,0
2023-01-26,0.37330000,0.38920000,0.37110000,0.37960000,152020632.10000000,1674777599999,57639690.96446000,134337,75092935.70000000,28485506.60354000,0
2023-01-27,0.37960000,0.39100000,0.36780000,0.38980000,112713613.30000000,1674863999999,42795611.93104000,104457,55291962.10000000,21010385.06595000,0
2023-01-28,0.38980000,0.39800000,0.37800000,0.38190000,119208593.20000000,1674950399999,46208585.48443000,108375,58676329.60000000,22741508.95489000,0
2023-01-29,0.38180000,0.39910000,0.37680000,0.39750000,102929204.60000000,1675036799999,40157767.99062000,99708,52194606.10000000,20373516.36885000,0
2023-01-30,0.39760000,0.39820000,0.36520000,0.37250000,134336665.00000000,1675123199999,51134971.00427000,124556,61467635.20000000,23401299.29000000,0
2023-01-31,0.37250000,0.39980000,0.36810000,0.39020000,156301183.00000000,1675209599999,59967794.67052000,136857,77326666.90000000,29674233.67157000,0
2023-02-01,0.39020000,0.40180000,0.37100000,0.39700000,162998963.90000000,1675295999999,62784020.14042000,176466,80927462.50000000,31198496.73249000,0
2023-02-02,0.39700000,0.41360000,0.39210000,0.39810000,179215658.30000000,1675382399999,72380820.23897000,185499,88934062.10000000,35929726.81432000,0
2023-02-03,0.39810000,0.40700000,0.39440000,0.40380000,112231580.70000000,1675468799999,45021086.33001000,110403,55478843.70000000,22252425.40832000,0
2023-02-04,0.40370000,0.40550000,0.39750000,0.39940000,69665961.00000000,1675555199999,28001934.44779000,67191,33519331.10000000,13473213.28057000,0
2023-02-05,0.39930000,0.40190000,0.38210000,0.39230000,104454046.00000000,1675641599999,40964679.72236000,99821,49438702.00000000,19385442.12962000,0
2023-02-06,0.39230000,0.40330000,0.37950000,0.38230000,110247851.90000000,1675727999999,43173103.61455000,103365,54205265.70000000,21242299.99024000,0
2023-02-07,0.38230000,0.39980000,0.38140000,0.39890000,107246776.80000000,1675814399999,41771566.35595000,104067,54890952.00000000,21395306.38199000,0
2023-02-08,0.39890000,0.40350000,0.38530000,0.39420000,92872527.40000000,1675900799999,36786726.66031000,89570,45702981.40000000,18104835.21021000,0
2023-02-09,0.39420000,0.39570000,0.35430000,0.36220000,151503834.40000000,1675987199999,57086936.96953000,147128,72325490.70000000,27259377.19044000,0
2023-02-10,0.36220000,0.36560000,0.35340000,0.35810000,104289819.10000000,1676073599999,37588836.43568000,101653,50105196.10000000,18063652.88862000,0
2023-02-11,0.35800000,0.37020000,0.35670000,0.36840000,55904954.90000000,1676159999999,20214834.50522000,53308,26913298.00000000,9736499.46201000,0
2023-02-12,0.36850000,0.37380000,0.35960000,0.36410000,57416092.20000000,1676246399999,21128707.77172000,60634,28403827.90000000,10454436.19990000,0
2023-02-13,0.36410000,0.36570000,0.34500000,0.35930000,114427322.00000000,1676332799999,40573133.72658000,113480,53431788.20000000,18951972.47123000,0
2023-02-14,0.35930000,0.39310000,0.35450000,0.38670000,156990175.90000000,1676419199999,58628401.20211000,149699,82589661.10000000,30859079.29432000,0
2023-02-15,0.38680000,0.42000000,0.38190000,0.41900000,151591225.30000000,1676505599999,59778979.44605000,154132,82923592.90000000,32705015.23449000,0
2023-02-16,0.41900000,0.42130000,0.38620000,0.38740000,174768994.00000000,1676591999999,70700360.39255000,178497,84267748.80000000,34116379.58747000,0
2023-02-17,0.38740000,0.40980000,0.38540000,0.40330000,123524213.60000000,1676678399999,49269938.14967000,122095,62058671.20000000,24747451.94108000,0
2023-02-18,0.40330000,0.41840000,0.39760000,0.40600000,89590271.50000000,1676764799999,36365358.17068000,84846,45868526.30000000,18613623.49162000,0
2023-02-19,0.40600000,0.41220000,0.39680000,0.39950000,98181230.10000000,1676851199999,39725311.70805000,108949,45484690.90000000,18406188.83204000,0
2023-02-20,0.39940000,0.40980000,0.38930000,0.40380000,116906377.70000000,1676937599999,47218475.77844000,115745,57874925.70000000,23378181.95623000,0
2023-02-21,0.40370000,0.40590000,0.38550000,0.39250000,119823429.00000000,1677023999999,47413672.78624000,110747,57083255.30000000,22597573.17159000,0
2023-02-22,0.39260000,0.39290000,0.37690000,0.38880000,123152287.00000000,1677110399999,47282477.88503000,111822,59787851.50000000,22951709.94963000,0
2023-02-23,0.38890000,0.39490000,0.37940000,0.38240000,81228997.50000000,1677196799999,31463531.76665000,83429,39421496.50000000,15271469.52866000,0
2023-02-24,0.38240000,0.38520000,0.35800000,0.36580000,136530140.70000000,1677283199999,50738363.87517000,127749,62596698.40000000,23263710.96111000,0
2023-02-25,0.36570000,0.36770000,0.35120000,0.36200000,93356389.80000000,1677369599999,33675461.15039000,80371,45265329.70000000,16327230.54597000,0
2023-02-26,0.36210000,0.37040000,0.35770000,0.36910000,62253729.40000000,1677455999999,22631805.59683000,57750,31115899.00000000,11313704.29942000,0
2023-02-27,0.36900000,0.37020000,0.35760000,0.36470000,71396733.70000000,1677542399999,25990074.91173000,71429,33858556.80000000,12323964.73522000,0
2023-02-28,0.36470000,0.36800000,0.34850000,0.35170000,76748794.60000000,1677628799999,27548861.71386000,86272,36452572.50000000,13087868.10199000,0
2023-03-01,0.35180000,0.36440000,0.34930000,0.36010000,67671797.70000000,1677715199999,24311805.19254000,75377,33270167.60000000,11949849.25544000,0
2023-03-02,0.36010000,0.36150000,0.34450000,0.35040000,81854576.80000000,1677801599999,28749147.23269000,78671,40177243.40000000,14113214.24989000,0
2023-03-03,0.35050000,0.35090000,0.32120000,0.34310000,163025922.00000000,1677887999999,54562645.84593000,139913,79206359.10000000,26511608.06145000,0
2023-03-04,0.34310000,0.34480000,0.33030000,0.33660000,56432771.90000000,1677974399999,19063925.61130000,53014,27736954.50000000,9369593.93485000,0
2023-03-05,0.33660000,0.34300000,0.33460000,0.33700000,53269370.70000000,1678060799999,18030471.34132000,53829,25189297.60000000,8526134.11512000,0
2023-03-06,0.33700000,0.33870000,0.32910000,0.33050000,72882197.20000000,1678147199999,24278531.64390000,62856,36303715.10000000,12095340.00393000,0
2023-03-07,0.33060000,0.33480000,0.32090000,0.33060000,99209654.50000000,1678233599999,32593724.15893000,85305,47272909.60000000,15538255.55270000,0
2023-03-08,0.33050000,0.33280000,0.31330000,0.31750000,110501100.50000000,1678319999999,35628787.90035000,97286,53611724.10000000,17293037.38551000,0
2023-03-09,0.31750000,0.32230000,0.30120000,0.31010000,191520024.20000000,1678406399999,59701621.64674000,127559,90470336.20000000,28203437.48098000,0
2023-03-10,0.31020000,0.31820000,0.29760000,0.31490000,184446629.20000000,1678492799999,56788935.68243000,148800,91536539.00000000,28207592.82835000,0
2023-03-11,0.31490000,0.32280000,0.30130000,0.30510000,174341847.20000000,1678579199999,54030316.31632000,162022,85610420.60000000,26545553.38127000,0
2023-03-12,0.30510000,0.33110000,0.30130000,0.32980000,148391745.70000000,1678665599999,46331508.90570000,128884,77149304.90000000,24100681.41568000,0
2023-03-13,0.32980000,0.35170000,0.32740000,0.34330000,290767932.50000000,1678751999999,98641344.22879000,268470,156749260.40000000,53175514.69359000,0
2023-03-14,0.34340000,0.36770000,0.33630000,0.34290000,243189873.10000000,1678838399999,85285424.82887000,212910,120743806.60000000,42326631.42059000,0
2023-03-15,0.34290000,0.34640000,0.31570000,0.32410000,262199199.50000000,1678924799999,87303478.96434000,202868,128594236.50000000,42878853.55399000,0
2023-03-16,0.32400000,0.32900000,0.31710000,0.32490000,148328841.20000000,1679011199999,48063578.85104000,138164,71870654.40000000,23294030.64134000,0
2023-03-17,0.32490000,0.35020000,0.32120000,0.34940000,171206542.30000000,1679097599999,57685328.98710000,160226,84573142.80000000,28500305.89673000,0
2023-03-18,0.34940000,0.35720000,0.33500000,0.33710000,160274762.90000000,1679183999999,55729702.22952000,144196,78097449.20000000,27166855.60514000,0
2023-03-19,0.33700000,0.35250000,0.33670000,0.34480000,93233157.90000000,1679270399999,32148684.11285000,97384,47358176.10000000,16333267.33846000,0
2023-03-20,0.34480000,0.34610000,0.33050000,0.33210000,124374313.80000000,1679356799999,42174811.85456000,119529,59928337.60000000,20324022.08006000,0
2023-03-21,0.33210000,0.38700000,0.32910000,0.36960000,288467612.60000000,1679443199999,103396919.87244000,287809,147048547.70000000,52722051.79377000,0
2023-03-22,0.36950000,0.38680000,0.34890000,0.35960000,342137114.00000000,1679529599999,127050524.38391000,359706,172201236.00000000,63987288.46199000,0
2023-03-23,0.35970000,0.38530000,0.35350000,0.37150000,185937483.60000000,1679615999999,68780307.09313000,186486,95616523.50000000,35374166.32978000,0
2023-03-24,0.37160000,0.37250000,0.35520000,0.35960000,112029219.90000000,1679702399999,40641700.92164000,109763,52275535.00000000,18971364.57686000,0
2023-03-25,0.35970000,0.36280000,0.34860000,0.35140000,83603550.10000000,1679788799999,29770936.38946000,83654,37953417.10000000,13530304.27830000,0
2023-03-26,0.35130000,0.36140000,0.34870000,0.35570000,91774166.90000000,1679875199999,32651502.33250000,72275,43527420.90000000,15487753.24119000,0
2023-03-27,0.35580000,0.35720000,0.33660000,0.34550000,127210336.60000000,1679961599999,44183728.29139000,120105,57030489.30000000,19810929.78825000,0
2023-03-28,0.34560000,0.37030000,0.34270000,0.36810000,133375435.60000000,1680047999999,47519006.39241000,136111,70554559.10000000,25157559.78590000,0
2023-03-29,0.36810000,0.39000000,0.36660000,0.38110000,190013782.50000000,1680134399999,72629635.26596000,178531,100307772.10000000,38338579.86960000,0
2023-03-30,0.38110000,0.38760000,0.36970000,0.37610000,147101987.50000000,1680220799999,55535091.32403000,139893,72712810.00000000,27449826.46691000,0
2023-03-31,0.37610000,0.40930000,0.37430000,0.39890000,250714301.70000000,1680307199999,99047877.23995000,254717,124034987.90000000,49021484.47103000,0
2023-04-01,0.39890000,0.40310000,0.38800000,0.39190000,128780899.90000000,1680393599999,50718103.40614000,135642,63529195.00000000,25030384.54890000,0
2023-04-02,0.39200000,0.39280000,0.37560000,0.38150000,102432795.50000000,1680479999999,39260959.47896000,111825,46105241.20000000,17671694.76067000,0
2023-04-03,0.38160000,0.40500000,0.37080000,0.38720000,234427391.60000000,1680566399999,91409070.42097000,264779,114847314.00000000,44792059.40839000,0
2023-04-04,0.38720000,0.40000000,0.38430000,0.38940000,121167900.70000000,1680652799999,47532378.54298000,136688,59488361.00000000,23340482.00981000,0
2023-04-05,0.38950000,0.40000000,0.38680000,0.39230000,92815719.60000000,1680739199999,36615220.47484000,106121,45320124.00000000,17883589.95122000,0
2023-04-06,0.39220000,0.39230000,0.37630000,0.38290000,91098737.90000000,1680825599999,34923643.02087000,104385,42745732.70000000,16385587.94159000,0
2023-04-07,0.38290000,0.38510000,0.37560000,0.38350000,50141413.50000000,1680911999999,19101844.78870000,59864,23443391.30000000,8934353.37531000,0
2023-04-08,0.38350000,0.39050000,0.38040000,0.38530000,61444908.50000000,1680998399999,23773386.86120000,72781,32028314.40000000,12394795.34207000,0
2023-04-09,0.38520000,0.39300000,0.38400000,0.38940000,51708973.80000000,1681084799999,20096179.80782000,69182,26253226.70000000,10204752.42652000,0
2023-04-10,0.38930000,0.39770000,0.38470000,0.39710000,76308355.70000000,1681171199999,29784630.92321000,101297,38882686.20000000,15181329.94463000,0
2023-04-11,0.39710000,0.41300000,0.39400000,0.40140000,143695491.10000000,1681257599999,58079381.92254000,152521,71158942.30000000,28762570.50555000,0
2023-04-12,0.40150000,0.40750000,0.38860000,0.40470000,138821237.20000000,1681343999999,55419429.51489000,145665,72389118.30000000,28927690.26119000,0
2023-04-13,0.40470000,0.42880000,0.39890000,0.42510000,173707588.70000000,1681430399999,71977775.03818000,193003,88144282.70000000,36542306.51739000,0
2023-04-14,0.42510000,0.44400000,0.42280000,0.43810000,235318719.50000000,1681516799999,102313257.17576000,259302,116708577.50000000,50757503.58184000,0
2023-04-15,0.43810000,0.46170000,0.43110000,0.45220000,178424508.60000000,1681603199999,80246325.39692000,206504,90234283.20000000,40591072.19982000,0
2023-04-16,0.45210000,0.45790000,0.44210000,0.45130000,117211504.60000000,1681689599999,52630950.62351000,140521,55127730.70000000,24762697.17571000,0
2023-04-17,0.45120000,0.45150000,0.43100000,0.43410000,144412169.80000000,1681775999999,63560561.58769000,131387,66904640.50000000,29448871.92029000,0
2023-04-18,0.43410000,0.44800000,0.42770000,0.44350000,99428283.10000000,1681862399999,43791494.37854000,100798,48845842.90000000,21523463.10272000,0
2023-04-19,0.44350000,0.44350000,0.40710000,0.41630000,193374494.90000000,1681948799999,81355681.62214000,196729,92797167.10000000,39030165.98552000,0
2023-04-20,0.41630000,0.42210000,0.39340000,0.40070000,161012857.50000000,1682035199999,65800195.92131000,162835,76639261.70000000,31335657.30268000,0
2023-04-21,0.40080000,0.40710000,0.37890000,0.38240000,158842754.20000000,1682121599999,62797906.51197000,151539,75678869.40000000,29932185.00079000,0
2023-04-22,0.38230000,0.39890000,0.38100000,0.39560000,86625445.50000000,1682207999999,33930441.89649000,81820,43012070.40000000,16845847.81134000,0
2023-04-23,0.39560000,0.39560000,0.38000000,0.38860000,82034708.60000000,1682294399999,31840004.05741000,80309,39158310.90000000,15198940.61098000,0
2023-04-24,0.38870000,0.39750000,0.38000000,0.38350000,104338226.40000000,1682380799999,40438674.06987000,97573,49375396.30000000,19135977.58244000,0
2023-04-25,0.38360000,0.39540000,0.37610000,0.39450000,97446645.90000000,1682467199999,37317902.83850000,92271,48259582.00000000,18492414.76085000,0
2023-04-26,0.39440000,0.41930000,0.37780000,0.40140000,189713316.30000000,1682553599999,76023106.67434000,201933,91951375.80000000,36875784.56733000,0
2023-04-27,0.40140000,0.41860000,0.40080000,0.41010000,154240599.80000000,1682639999999,63156409.78502000,170973,74904971.50000000,30677824.63468000,0
2023-04-28,0.41000000,0.41160000,0.39650000,0.40430000,76492344.40000000,1682726399999,30952182.57486000,87075,36123552.20000000,14617103.23241000,0
2023-04-29,0.40440000,0.40770000,0.39910000,0.40240000,42315743.60000000,1682812799999,17087613.33945000,47024,19576654.10000000,7907086.50671000,0
2023-04-30,0.40250000,0.41500000,0.39440000,0.39560000,75755751.40000000,1682899199999,30508534.10836000,85222,35764455.20000000,14416632.98200000,0
2023-05-01,0.39570000,0.39790000,0.38010000,0.38680000,99050070.70000000,1682985599999,38438942.31612000,94469,47227660.70000000,18324228.45472000,0
2023-05-02,0.38670000,0.39470000,0.38160000,0.39160000,62002108.10000000,1683071999999,24069912.67256000,62646,30913638.90000000,12001431.58021000,0
2023-05-03,0.39170000,0.39650000,0.37840000,0.39400000,102351994.90000000,1683158399999,39437481.48619000,107160,49295306.60000000,19008525.02486000,0
2023-05-04,0.39410000,0.39640000,0.38490000,0.38730000,57027491.20000000,1683244799999,22301265.01623000,60652,27906024.70000000,10916522.88446000,0
2023-05-05,0.38730000,0.39700000,0.38120000,0.39420000,77772750.30000000,1683331199999,30381794.08577000,79559,39052285.10000000,15256028.68123000,0
2023-05-06,0.39410000,0.39680000,0.37350000,0.37870000,85459030.90000000,1683417599999,32711487.15858000,83483,41106602.40000000,15725392.33943000,0
2023-05-07,0.37870000,0.38330000,0.37370000,0.37600000,54439977.10000000,1683503999999,20673687.18660000,51442,26318095.60000000,9997315.79787000,0
2023-05-08,0.37600000,0.37960000,0.35310000,0.36530000,137827919.20000000,1683590399999,50541987.25608000,139351,66545561.10000000,24410877.73572000,0
2023-05-09,0.36530000,0.37050000,0.35990000,0.36330000,78130879.70000000,1683676799999,28441383.41467000,69682,38166731.80000000,13896421.70445000,0
2023-05-10,0.36330000,0.37290000,0.35430000,0.36930000,150971765.60000000,1683763199999,55186058.00130000,137935,74064354.00000000,27073855.38270000,0
2023-05-11,0.36930000,0.36960000,0.34850000,0.35980000,98458703.70000000,1683849599999,35250818.42950000,92480,47209307.00000000,16907253.95365000,0
2023-05-12,0.35980000,0.37100000,0.35330000,0.37050000,109723018.60000000,1683935999999,39703102.68030000,117615,55672154.20000000,20157253.09333000,0
2023-05-13,0.37050000,0.37100000,0.36220000,0.36460000,46531257.40000000,1684022399999,17018722.71367000,49572,21785800.60000000,7966496.53558000,0
2023-05-14,0.36460000,0.37300000,0.36270000,0.37110000,41898265.40000000,1684108799999,15434291.06836000,48910,22121587.50000000,8149172.25666000,0
2023-05-15,0.37100000,0.37580000,0.36570000,0.36690000,69018210.50000000,1684195199999,25610899.84130000,73535,32064894.80000000,11904513.80692000,0
2023-05-16,0.36690000,0.37040000,0.36130000,0.36820000,66128494.60000000,1684281599999,24234881.14487000,60125,32175351.60000000,11794898.28579000,0
2023-05-17,0.36830000,0.38070000,0.36450000,0.37550000,94403281.20000000,1684367999999,35176313.03457000,84629,49259231.20000000,18370973.86393000,0
2023-05-18,0.37550000,0.38030000,0.36580000,0.37140000,80420401.00000000,1684454399999,30126679.91448000,77013,39577586.60000000,14833307.18603000,0
2023-05-19,0.37130000,0.37300000,0.36580000,0.36810000,38723441.70000000,1684540799999,14305210.34059000,47303,17239030.70000000,6371687.03494000,0
2023-05-20,0.36810000,0.36830000,0.36280000,0.36620000,44032296.20000000,1684627199999,16072961.96302000,40012,21179585.30000000,7734019.78533000,0
2023-05-21,0.36630000,0.36760000,0.35660000,0.36020000,39270367.40000000,1684713599999,14203580.58630000,42931,17835609.50000000,6451854.70734000,0
2023-05-22,0.36020000,0.37410000,0.35600000,0.36790000,62447190.20000000,1684799999999,22915553.39773000,66139,30685612.20000000,11268097.09187000,0
2023-05-23,0.36790000,0.37570000,0.36570000,0.37040000,47769860.80000000,1684886399999,17721617.62122000,44827,23316717.70000000,8656791.97024000,0
2023-05-24,0.37040000,0.37060000,0.36020000,0.36380000,57618648.90000000,1684972799999,21005340.19084000,59760,26496484.50000000,9659021.27545000,0
2023-05-25,0.36390000,0.36480000,0.35500000,0.35810000,50137129.00000000,1685059199999,17962959.88396000,51151,24655621.80000000,8833384.96251000,0
2023-05-26,0.35820000,0.36690000,0.35350000,0.36260000,56982912.10000000,1685145599999,20503821.27027000,53302,28246791.20000000,10163849.28150000,0
2023-05-27,0.36260000,0.36740000,0.36060000,0.36670000,30122750.70000000,1685231999999,10968225.92438000,30338,15621315.50000000,5687964.69980000,0
2023-05-28,0.36670000,0.38460000,0.36610000,0.38280000,80053076.50000000,1685318399999,30072567.44679000,85747,41719773.60000000,15677298.27968000,0
2023-05-29,0.38280000,0.38630000,0.37560000,0.37860000,66769379.20000000,1685404799999,25360137.20475000,60053,31777253.30000000,12068688.01283000,0
2023-05-30,0.37860000,0.38340000,0.37440000,0.37790000,70137418.80000000,1685491199999,26559946.77883000,64543,33676322.70000000,12752929.95714000,0
2023-05-31,0.37790000,0.38070000,0.37000000,0.37440000,59998056.80000000,1685577599999,22479759.36421000,60115,30202116.10000000,11316273.81739000,0
2023-06-01,0.37440000,0.37580000,0.36080000,0.36440000,93248479.90000000,1685663999999,34050283.35706000,86287,36562336.60000000,13348774.09547000,0
2023-06-02,0.36440000,0.37940000,0.36190000,0.37820000,71763680.00000000,1685750399999,26820487.62263000,66709,38093081.60000000,14237597.88685000,0
2023-06-03,0.37820000,0.37820000,0.37290000,0.37590000,27741856.80000000,1685836799999,10428014.32457000,29217,12858489.10000000,4833210.62148000,0
2023-06-04,0.37600000,0.38190000,0.37480000,0.37730000,41513359.60000000,1685923199999,15769199.16194000,40740,20864761.80000000,7925945.87712000,0
2023-06-05,0.37730000,0.37910000,0.34670000,0.35140000,112815250.30000000,1686009599999,40532828.32009000,121426,53176096.70000000,19098193.36383000,0
2023-06-06,0.35140000,0.35690000,0.33650000,0.35310000,90606305.00000000,1686095999999,31691122.73033000,93336,43193876.20000000,15114472.45587000,0
2023-06-07,0.35300000,0.35310000,0.31770000,0.32230000,150728402.30000000,1686182399999,50060807.19639000,132476,67862410.40000000,22515595.11265000,0
2023-06-08,0.32230000,0.33080000,0.31980000,0.32280000,104686899.30000000,1686268799999,34039413.97058000,83196,52936798.10000000,17220411.52938000,0
2023-06-09,0.32290000,0.32400000,0.29020000,0.29510000,246384470.80000000,1686355199999,75999927.86638000,187298,114500833.40000000,35331308.72791000,0
2023-06-10,0.29510000,0.29530000,0.22000000,0.27470000,757333075.30000000,1686441599999,192537302.38177000,670691,374913332.80000000,95298801.09767000,0
2023-06-11,0.27480000,0.28000000,0.25900000,0.27200000,262186505.20000000,1686527999999,70331340.19641000,242406,128862041.70000000,34563008.33414000,0
2023-06-12,0.27190000,0.28650000,0.26480000,0.27480000,222382051.80000000,1686614399999,61566190.94342000,190559,108178148.50000000,29959959.67324000,0
2023-06-13,0.27470000,0.28960000,0.26840000,0.27520000,156748499.80000000,1686700799999,43627397.62707000,127421,78501617.20000000,21850683.07628000,0
2023-06-14,0.27520000,0.27730000,0.25600000,0.26330000,133531077.00000000,1686787199999,35866653.03164000,110259,64632406.60000000,17371688.56628000,0
2023-06-15,0.26340000,0.26600000,0.25250000,0.26200000,140877163.20000000,1686873599999,36528253.75659000,102637,69741070.50000000,18087048.67776000,0
2023-06-16,0.26210000,0.26750000,0.25350000,0.26320000,89417626.30000000,1686959999999,23341640.15084000,74850,43857529.10000000,11449577.18705000,0
2023-06-17,0.26330000,0.27370000,0.26070000,0.26670000,88054261.30000000,1687046399999,23620613.88045000,71084,43775279.30000000,11741566.38487000,0
2023-06-18,0.26670000,0.26910000,0.25880000,0.26100000,65212614.60000000,1687132799999,17290956.13935000,55117,32044259.50000000,8499876.99771000,0
2023-06-19,0.26100000,0.26380000,0.25710000,0.26340000,70893812.30000000,1687219199999,18466634.06561000,55995,36530606.30000000,9518522.73428000,0
2023-06-20,0.26340000,0.27070000,0.25220000,0.27050000,109090810.60000000,1687305599999,28605791.65665000,83489,53339191.20000000,13993704.69356000,0
2023-06-21,0.27060000,0.28900000,0.26870000,0.28620000,189786985.20000000,1687391999999,53238621.97959000,135675,97261565.90000000,27278595.04529000,0
2023-06-22,0.28610000,0.30490000,0.28560000,0.28990000,167726209.80000000,1687478399999,49597813.28265000,145270,82659484.40000000,24440717.71615000,0
2023-06-23,0.28990000,0.30280000,0.28670000,0.29660000,117254934.00000000,1687564799999,34652338.72698000,116127,58405815.10000000,17269761.49269000,0
2023-06-24,0.29670000,0.29750000,0.28430000,0.28920000,88286411.90000000,1687651199999,25791929.48114000,82658,44753391.50000000,13082976.74018000,0
2023-06-25,0.28930000,0.30500000,0.28850000,0.29210000,103164289.50000000,1687737599999,30533826.25091000,93894,50114142.10000000,14831161.19243000,0
2023-06-26,0.29200000,0.29230000,0.27660000,0.28050000,92192313.00000000,1687823999999,26288181.15263000,87732,45978480.10000000,13107012.06449000,0
2023-06-27,0.28060000,0.28970000,0.27750000,0.28670000,84320347.30000000,1687910399999,23876779.93604000,65912,37957125.30000000,10751086.77893000,0
2023-06-28,0.28680000,0.28690000,0.25990000,0.26690000,140734583.30000000,1687996799999,38471888.15646000,103201,70487045.70000000,19279271.76894000,0
2023-06-29,0.26690000,0.27820000,0.26640000,0.27520000,88026541.60000000,1688083199999,24102790.64145000,67648,41699579.30000000,11415848.43852000,0
2023-06-30,0.27530000,0.29970000,0.26720000,0.28690000,272156267.90000000,1688169599999,77751808.25011000,228958,136746023.00000000,39064852.37726000,0
2023-07-01,0.28700000,0.29380000,0.28120000,0.29240000,88196474.20000000,1688255999999,25425789.21707000,79258,43992840.60000000,12687284.28656000,0
2023-07-02,0.29240000,0.29390000,0.28530000,0.29160000,74721548.00000000,1688342399999,21651819.41963000,73496,35735418.60000000,10356951.76093000,0
2023-07-03,0.29160000,0.29930000,0.29020000,0.29670000,71590689.30000000,1688428799999,21066347.63616000,74431,34039500.00000000,10019470.33070000,0
2023-07-04,0.29660000,0.30160000,0.28900000,0.29240000,107425650.50000000,1688515199999,31743268.71600000,86963,51877455.60000000,15336458.86634000,0
2023-07-05,0.29240000,0.29630000,0.27970000,0.28390000,106289740.40000000,1688601599999,30561805.54921000,81330,52448320.00000000,15077928.75058000,0
2023-07-06,0.28390000,0.29370000,0.27610000,0.27840000,144527874.20000000,1688687999999,41146491.15079000,113234,71914259.70000000,20473137.54247000,0
2023-07-07,0.27830000,0.28550000,0.27610000,0.28440000,100178705.40000000,1688774399999,28250332.02905000,65288,50889591.50000000,14352300.18874000,0
2023-07-08,0.28440000,0.29310000,0.28170000,0.29070000,106202528.40000000,1688860799999,30472901.35930000,64732,53728261.70000000,15418451.67757000,0
2023-07-09,0.29070000,0.29180000,0.28300000,0.28440000,94953544.00000000,1688947199999,27283599.76481000,55628,44970750.20000000,12922327.71889000,0
2023-07-10,0.28430000,0.29270000,0.27810000,0.28780000,122097011.30000000,1689033599999,34884995.97289000,85838,61514698.10000000,17576798.79677000,0
2023-07-11,0.28780000,0.29410000,0.28740000,0.29270000,98565787.50000000,1689119999999,28634878.95706000,65754,50089952.60000000,14554885.64056000,0
2023-07-12,0.29270000,0.29540000,0.28480000,0.28900000,77926024.70000000,1689206399999,22726562.86204000,62475,37167526.50000000,10844578.55263000,0
2023-07-13,0.28900000,0.36730000,0.28570000,0.35670000,508960536.50000000,1689292799999,167895016.68953000,443238,255704359.40000000,84279618.57241000,0
2023-07-14,0.35670000,0.37930000,0.31600000,0.32770000,344645916.70000000,1689379199999,120197260.40208000,334313,169534853.50000000,59147216.87622000,0
2023-07-15,0.32780000,0.33760000,0.32400000,0.32600000,87463902.20000000,1689465599999,28894128.01503000,83700,42703845.30000000,14105577.80624000,0
2023-07-16,0.32610000,0.32780000,0.31200000,0.31460000,132942159.30000000,1689551999999,42621410.41761000,108777,61168847.60000000,19621611.60696000,0
2023-07-17,0.31450000,0.31970000,0.30550000,0.31180000,121471436.20000000,1689638399999,37965689.88861000,110623,56441041.10000000,17643409.39815000,0
2023-07-18,0.31170000,0.31400000,0.29960000,0.30950000,151432242.50000000,1689724799999,46421051.72501000,107927,68256585.70000000,20926491.65581000,0
2023-07-19,0.30940000,0.32600000,0.30690000,0.32260000,215253837.40000000,1689811199999,68393901.29389000,166067,113377826.60000000,36027807.24026000,0
2023-07-20,0.32260000,0.33320000,0.31300000,0.31610000,166938424.70000000,1689897599999,54084127.66415000,133521,86105072.00000000,27915053.45906000,0
2023-07-21,0.31610000,0.31840000,0.31030000,0.31270000,70324894.60000000,1689983999999,22086143.59977000,61947,33889816.40000000,10645427.49368000,0
2023-07-22,0.31280000,0.31490000,0.30620000,0.31000000,58496057.30000000,1690070399999,18200727.56504000,55348,27311726.60000000,8497121.30892000,0
2023-07-23,0.31000000,0.31910000,0.30710000,0.31710000,50429234.40000000,1690156799999,15886649.82967000,47386,24424080.90000000,7694070.67538000,0
2023-07-24,0.31720000,0.31900000,0.30000000,0.30530000,100248697.40000000,1690243199999,30785579.46855000,87789,46253774.70000000,14201485.14430000,0
2023-07-25,0.30510000,0.30780000,0.30140000,0.30370000,61989431.00000000,1690329599999,18854918.04305000,49481,27626341.20000000,8403926.28583000,0
2023-07-26,0.30370000,0.31070000,0.30030000,0.30690000,90818421.00000000,1690415999999,27638974.26358000,72896,43995587.50000000,13394257.19177000,0
2023-07-27,0.30690000,0.31350000,0.30530000,0.30770000,58397987.40000000,1690502399999,18072667.66891000,54982,29100764.80000000,9004996.31223000,0
2023-07-28,0.30780000,0.31340000,0.30620000,0.30990000,46597667.10000000,1690588799999,14456071.43943000,41838,20552089.50000000,6375779.36938000,0
2023-07-29,0.30990000,0.31440000,0.30870000,0.31300000,58072439.00000000,1690675199999,18101421.20426000,40808,28335055.00000000,8835573.69023000,0
2023-07-30,0.31290000,0.31810000,0.30520000,0.31560000,60782448.00000000,1690761599999,19019254.36134000,54898,28326985.50000000,8863968.35578000,0
2023-07-31,0.31570000,0.31900000,0.30630000,0.30700000,70168122.60000000,1690847999999,21885769.39341000,56700,32725153.80000000,10213569.85447000,0
2023-08-01,0.30700000,0.31060000,0.29480000,0.31030000,87820146.10000000,1690934399999,26655041.30302000,74475,41103953.40000000,12478847.22312000,0
2023-08-02,0.31030000,0.31200000,0.29740000,0.29930000,68334103.80000000,1691020799999,20742161.57887000,58405,32729630.80000000,9935319.24672000,0
2023-08-03,0.29930000,0.30140000,0.28880000,0.29220000,99581572.70000000,1691107199999,29426966.77953000,71938,50739404.90000000,15002327.17577000,0
2023-08-04,0.29230000,0.29720000,0.29020000,0.29350000,51367134.70000000,1691193599999,15083646.64083000,41404,23510907.10000000,6904109.86660000,0
2023-08-05,0.29360000,0.29420000,0.29010000,0.29380000,29967210.90000000,1691279999999,8746362.08286000,30777,13731753.20000000,4008173.11622000,0
2023-08-06,0.29380000,0.29580000,0.29060000,0.29230000,28144338.00000000,1691366399999,8260365.71452000,29780,13939177.30000000,4090764.09364000,0
2023-08-07,0.29220000,0.29610000,0.28180000,0.29100000,69256542.60000000,1691452799999,20072390.04189000,60020,33780103.10000000,9792627.13381000,0
2023-08-08,0.29100000,0.30260000,0.28960000,0.29740000,97955669.90000000,1691539199999,28978430.92161000,62778,48540761.20000000,14367745.15647000,0
2023-08-09,0.29740000,0.30230000,0.29600000,0.30130000,55701452.30000000,1691625599999,16649440.99493000,41727,28300830.10000000,8460385.66467000,0
2023-08-10,0.30140000,0.30180000,0.29600000,0.29650000,50339891.60000000,1691711999999,15025466.70147000,35327,26201401.60000000,7821520.62235000,0
2023-08-11,0.29650000,0.29760000,0.29240000,0.29330000,30373249.60000000,1691798399999,8969703.58131000,27281,16662392.30000000,4922100.49521000,0
2023-08-12,0.29340000,0.29460000,0.29070000,0.29190000,35784585.70000000,1691884799999,10487794.15738000,26660,18744334.40000000,5493540.47060000,0
2023-08-13,0.29200000,0.29360000,0.28680000,0.28940000,49756311.80000000,1691971199999,14453458.69079000,33567,25336556.20000000,7364247.16866000,0
2023-08-14,0.28950000,0.29270000,0.28720000,0.29060000,39940476.20000000,1692057599999,11594996.20963000,31107,20597048.70000000,5981085.12903000,0
2023-08-15,0.29060000,0.29110000,0.27410000,0.28200000,68128212.80000000,1692143999999,19331728.14098000,56333,30895213.90000000,8765380.17797000,0
2023-08-16,0.28200000,0.28290000,0.26540000,0.27470000,112051659.20000000,1692230399999,30705536.51952000,84030,52604244.20000000,14416268.47426000,0
2023-08-17,0.27480000,0.27850000,0.23800000,0.25530000,183020531.10000000,1692316799999,48128960.08094000,154269,90883992.70000000,23886316.24231000,0
2023-08-18,0.25520000,0.26740000,0.25470000,0.26400000,127151195.70000000,1692403199999,33280864.96392000,99163,61931560.80000000,16198999.18277000,0
2023-08-19,0.26400000,0.26980000,0.26030000,0.26880000,55279750.40000000,1692489599999,14691828.62499000,48725,27999616.30000000,7444447.34516000,0
2023-08-20,0.26880000,0.27320000,0.26470000,0.27030000,39701431.00000000,1692575999999,10668305.24928000,37381,19116328.40000000,5138789.98968000,0
2023-08-21,0.27030000,0.27250000,0.25860000,0.26280000,60006555.70000000,1692662399999,15921416.69831000,53207,28020940.50000000,7433300.81075000,0
2023-08-22,0.26290000,0.26330000,0.25000000,0.25880000,81237011.70000000,1692748799999,20885981.10527000,63323,39654042.90000000,10199039.46480000,0
2023-08-23,0.25870000,0.27000000,0.25800000,0.26810000,69984062.10000000,1692835199999,18433534.24605000,49601,36563545.90000000,9638083.30070000,0
2023-08-24,0.26810000,0.27140000,0.26220000,0.26590000,49728611.90000000,1692921599999,13251878.37823000,38596,23542044.50000000,6275164.09751000,0
2023-08-25,0.26590000,0.27120000,0.25910000,0.26120000,113233017.80000000,1693007999999,29857229.91269000,66967,52538355.60000000,13854343.09440000,0
2023-08-26,0.26120000,0.26180000,0.25760000,0.26100000,47226296.00000000,1693094399999,12265243.03002000,25895,23479555.70000000,6099221.39700000,0
2023-08-27,0.26100000,0.26530000,0.26000000,0.26340000,49902951.10000000,1693180799999,13079888.87617000,31443,24668546.00000000,6467546.76385000,0
2023-08-28,0.26350000,0.26790000,0.25760000,0.26760000,54934617.60000000,1693267199999,14456703.87040000,42427,26270106.50000000,6914784.50119000,0
2023-08-29,0.26760000,0.28020000,0.26020000,0.27260000,147979504.90000000,1693353599999,40096614.78160000,105362,72401898.70000000,19617224.31651000,0
2023-08-30,0.27260000,0.27300000,0.26050000,0.26540000,102074556.80000000,1693439999999,27084077.46294000,76847,44954760.40000000,11927626.80032000,0
2023-08-31,0.26550000,0.26670000,0.24920000,0.25540000,92935093.30000000,1693526399999,24018199.28843000,64650,45184450.10000000,11685613.30378000,0
2023-09-01,0.25540000,0.25880000,0.25140000,0.25510000,62605625.40000000,1693612799999,16013531.75064000,42796,32042429.30000000,8199016.75672000,0
2023-09-02,0.25510000,0.25740000,0.25360000,0.25620000,21898057.00000000,1693699199999,5596043.26218000,21070,10507979.00000000,2685461.65830000,0
2023-09-03,0.25620000,0.25690000,0.25310000,0.25590000,33024398.40000000,1693785599999,8425678.41382000,23409,14554328.40000000,3713699.89273000,0
2023-09-04,0.25590000,0.26000000,0.25320000,0.25610000,40657488.50000000,1693871999999,10432481.96371000,30101,19161325.00000000,4919995.46091000,0
2023-09-05,0.25620000,0.25890000,0.25380000,0.25780000,40887843.70000000,1693958399999,10497858.92966000,29266,19477170.50000000,5002147.34347000,0
2023-09-06,0.25780000,0.26120000,0.25210000,0.25770000,57656386.60000000,1694044799999,14806129.79332000,39542,25680147.70000000,6595906.71178000,0
2023-09-07,0.25770000,0.25960000,0.25310000,0.25790000,63998483.80000000,1694131199999,16414029.98472000,39842,30372190.80000000,7796209.29309000,0
2023-09-08,0.25800000,0.25970000,0.25270000,0.25440000,54595507.40000000,1694217599999,13963617.69582000,35008,27175137.30000000,6949464.09530000,0
2023-09-09,0.25440000,0.25580000,0.25310000,0.25330000,18121235.90000000,1694303999999,4609124.98235000,16936,9429973.10000000,2398910.14961000,0
2023-09-10,0.25340000,0.25340000,0.24230000,0.24900000,82463546.60000000,1694390399999,20482461.46399000,54314,38698381.10000000,9612733.22617000,0
2023-09-11,0.24910000,0.24960000,0.23670000,0.24210000,74448945.40000000,1694476799999,18098504.68666000,57823,34927172.80000000,8491532.31870000,0
2023-09-12,0.24210000,0.25270000,0.24080000,0.24550000,55963149.90000000,1694563199999,13842656.21427000,49352,27476476.40000000,6798183.64173000,0
2023-09-13,0.24550000,0.25000000,0.24340000,0.24870000,42074899.20000000,1694649599999,10407448.26797000,34288,20122347.30000000,4977453.20013000,0
2023-09-14,0.24870000,0.25270000,0.24650000,0.25130000,49307776.80000000,1694735999999,12314791.29239000,38819,25401554.60000000,6347064.29386000,0
2023-09-15,0.25140000,0.25520000,0.24510000,0.25050000,68762333.20000000,1694822399999,17149210.20891000,46161,29922226.10000000,7472822.33655000,0
2023-09-16,0.25060000,0.25390000,0.24830000,0.25030000,34777177.10000000,1694908799999,8720799.46446000,29033,16810976.80000000,4216830.64028000,0
2023-09-17,0.25030000,0.25130000,0.24430000,0.24710000,42170651.70000000,1694995199999,10457169.10623000,32799,20135208.40000000,4993024.17704000,0
2023-09-18,0.24710000,0.25600000,0.24410000,0.25160000,71770689.60000000,1695081599999,18069147.73772000,45745,35265070.10000000,8878151.32693000,0
2023-09-19,0.25150000,0.25800000,0.25060000,0.25480000,52966563.70000000,1695167999999,13501381.82770000,35630,27116370.20000000,6913978.73850000,0
2023-09-20,0.25480000,0.25650000,0.25000000,0.25170000,53146080.00000000,1695254399999,13452748.54193000,40705,23594182.30000000,5969271.72233000,0
2023-09-21,0.25170000,0.25310000,0.24480000,0.24490000,58361302.00000000,1695340799999,14500250.88454000,43612,25202813.10000000,6257497.69512000,0
2023-09-22,0.24500000,0.24650000,0.24270000,0.24490000,73938896.40000000,1695427199999,18094000.44369000,49763,37479364.30000000,9172649.91307000,0
2023-09-23,0.24500000,0.24680000,0.24360000,0.24610000,25631020.40000000,1695513599999,6290454.80152000,20061,14261836.50000000,3500471.79773000,0
2023-09-24,0.24600000,0.24630000,0.24160000,0.24270000,27611468.80000000,1695599999999,6758618.41213000,21445,13291126.90000000,3254863.50707000,0
2023-09-25,0.24280000,0.24630000,0.24040000,0.24590000,39187490.90000000,1695686399999,9575587.39552000,30114,19094896.40000000,4668361.25982000,0
2023-09-26,0.24590000,0.24790000,0.24300000,0.24550000,28346745.00000000,1695772799999,6961328.44214000,25124,13844972.60000000,3401474.69285000,0
2023-09-27,0.24550000,0.24840000,0.24260000,0.24460000,39114830.20000000,1695859199999,9594038.75778000,30558,18570094.90000000,4557129.26073000,0
2023-09-28,0.24470000,0.25080000,0.24330000,0.24890000,49669473.60000000,1695945599999,12293501.96632000,34943,21915221.30000000,5426427.48631000,0
2023-09-29,0.24900000,0.25590000,0.24760000,0.24940000,88297074.20000000,1696031999999,22192737.02842000,62207,34053969.00000000,8573247.51912000,0
2023-09-30,0.24940000,0.25480000,0.24890000,0.25400000,41541821.30000000,1696118399999,10454836.12506000,32997,20903212.50000000,5260700.54476000,0
2023-10-01,0.25400000,0.26790000,0.25370000,0.26590000,78880890.40000000,1696204799999,20563304.53711000,64885,38593837.90000000,10058386.02842000,0
2023-10-02,0.26590000,0.26960000,0.25740000,0.25910000,91440764.30000000,1696291199999,24190910.38458000,70407,43444399.00000000,11499737.50834000,0
2023-10-03,0.25910000,0.26460000,0.25740000,0.26100000,58464738.70000000,1696377599999,15284375.81340000,51790,28969488.60000000,7575218.73135000,0
2023-10-04,0.26090000,0.26140000,0.25250000,0.25890000,63613390.50000000,1696463999999,16318546.84632000,52637,30894183.60000000,7926008.56825000,0
2023-10-05,0.25900000,0.26400000,0.25660000,0.26020000,49552668.70000000,1696550399999,12901773.38456000,45600,24154349.00000000,6289695.61002000,0
2023-10-06,0.26030000,0.26700000,0.26020000,0.26460000,43655463.60000000,1696636799999,11506617.84096000,40151,21649060.80000000,5706006.67176000,0
2023-10-07,0.26460000,0.26570000,0.25630000,0.25870000,52025210.80000000,1696723199999,13517018.63280000,41096,23236777.20000000,6038520.94889000,0
2023-10-08,0.25880000,0.25910000,0.25530000,0.25630000,26666220.20000000,1696809599999,6852075.52164000,23739,12427211.90000000,3194431.78761000,0
2023-10-09,0.25640000,0.25860000,0.24880000,0.25130000,75592665.20000000,1696895999999,19027305.90922000,52712,28448163.90000000,7173591.89021000,0
2023-10-10,0.25130000,0.25380000,0.24660000,0.24900000,64320917.10000000,1696982399999,16077434.49150000,40361,25711838.60000000,6435399.82110000,0
2023-10-11,0.24910000,0.24960000,0.24470000,0.24810000,78623427.50000000,1697068799999,19437708.60217000,45950,39328390.90000000,9725206.03665000,0
2023-10-12,0.24810000,0.24820000,0.24220000,0.24600000,35000900.00000000,1697155199999,8577259.54330000,27555,16795962.50000000,4116259.95653000,0
2023-10-13,0.24610000,0.24980000,0.24490000,0.24580000,35522662.00000000,1697241599999,8767684.43884000,25660,17656949.50000000,4357907.39268000,0
2023-10-14,0.24590000,0.24780000,0.24490000,0.24700000,19550143.80000000,1697327999999,4819071.22241000,16361,9308562.00000000,2295067.43314000,0
2023-10-15,0.24700000,0.24840000,0.24540000,0.24730000,23294593.00000000,1697414399999,5754167.47415000,19308,11773050.10000000,2908243.30603000,0
2023-10-16,0.24740000,0.26000000,0.24720000,0.25130000,89063648.90000000,1697500799999,22544236.00118000,57940,45546679.60000000,11530900.16049000,0
2023-10-17,0.25140000,0.25190000,0.24460000,0.24630000,44841890.90000000,1697587199999,11130766.65380000,34681,21243612.60000000,5275710.65686000,0
2023-10-18,0.24640000,0.24830000,0.24220000,0.24300000,35611192.00000000,1697673599999,8739210.47599000,27613,17211936.40000000,4226503.86677000,0
2023-10-19,0.24300000,0.24700000,0.23940000,0.24690000,47562468.30000000,1697759999999,11567426.00380000,35846,24055650.50000000,5852506.49081000,0
2023-10-20,0.24700000,0.25320000,0.24540000,0.25120000,68958714.10000000,1697846399999,17244263.60553000,47037,34592780.50000000,8652667.97187000,0
2023-10-21,0.25130000,0.26280000,0.24950000,0.25860000,74687552.00000000,1697932799999,19151225.93565000,50518,35898791.70000000,9213317.21533000,0
2023-10-22,0.25870000,0.26440000,0.25530000,0.26390000,59063453.10000000,1698019199999,15331212.63791000,51730,29161991.10000000,7573290.36093000,0
2023-10-23,0.26400000,0.28130000,0.26160000,0.28070000,138213642.70000000,1698105599999,37265646.16111000,120605,70366226.50000000,18984033.00365000,0
2023-10-24,0.28080000,0.29390000,0.27330000,0.27920000,171131052.90000000,1698191999999,48362853.90133000,163521,83544693.10000000,23623335.67693000,0
2023-10-25,0.27930000,0.29000000,0.27620000,0.28080000,100707132.00000000,1698278399999,28401732.32853000,96877,45044088.20000000,12708958.71080000,0
2023-10-26,0.28090000,0.29800000,0.28000000,0.28720000,126349394.60000000,1698364799999,36497978.93554000,136549,59179552.70000000,17125991.07904000,0
2023-10-27,0.28710000,0.29260000,0.28060000,0.28930000,59005757.20000000,1698451199999,16908770.42920000,81718,28805597.70000000,8257793.19093000,0
2023-10-28,0.28930000,0.29750000,0.28870000,0.29090000,43195418.60000000,1698537599999,12659989.33204000,51041,20693834.70000000,6067853.06377000,0
2023-10-29,0.29090000,0.29860000,0.28810000,0.29540000,45363693.50000000,1698623999999,13386457.51760000,53491,22403974.80000000,6615169.75489000,0
2023-10-30,0.29550000,0.30310000,0.29200000,0.30310000,88760107.70000000,1698710399999,26501988.39817000,79257,46299852.30000000,13849226.03382000,0
2023-10-31,0.30310000,0.30460000,0.28450000,0.29300000,115945883.20000000,1698796799999,34276010.96131000,111078,57695855.70000000,17075116.66761000,0
2023-11-01,0.29290000,0.30870000,0.28390000,0.30710000,144162060.80000000,1698883199999,42526447.21252000,128657,76637492.30000000,22680310.29057000,0
2023-11-02,0.30720000,0.32950000,0.29810000,0.32300000,201974366.40000000,1698969599999,63495342.42994000,224308,102278074.40000000,32192842.89675000,0
2023-11-03,0.32310000,0.32960000,0.31140000,0.32920000,134180972.40000000,1699055999999,42962238.33213000,154830,63894286.60000000,20472541.55951000,0
2023-11-04,0.32910000,0.33060000,0.32080000,0.32780000,63442713.40000000,1699142399999,20667223.71310000,71145,31726222.50000000,10338379.15125000,0
2023-11-05,0.32780000,0.35000000,0.32600000,0.34190000,130046711.30000000,1699228799999,44191001.23457000,140001,65054968.20000000,22117037.54585000,0
2023-11-06,0.34190000,0.37570000,0.33730000,0.36240000,179872075.70000000,1699315199999,64189613.67770000,183270,88384165.60000000,31530236.43104000,0
2023-11-07,0.36240000,0.36550000,0.33350000,0.35120000,204897945.90000000,1699401599999,71696678.81331000,184385,95291505.60000000,33343931.33135000,0
2023-11-08,0.35120000,0.36030000,0.34860000,0.35770000,113764823.70000000,1699487999999,40448414.89914000,107540,57957906.70000000,20609771.55938000,0
2023-11-09,0.35770000,0.38640000,0.34170000,0.36840000,275776697.40000000,1699574399999,101472915.16402000,309863,137190152.90000000,50487780.28698000,0
2023-11-10,0.36850000,0.38860000,0.36260000,0.38590000,191392833.40000000,1699660799999,71607868.43580000,232056,97973215.20000000,36656453.43417000,0
2023-11-11,0.38600000,0.39510000,0.36940000,0.38440000,197565105.70000000,1699747199999,75793640.55903000,231932,97830263.90000000,37540207.08502000,0
2023-11-12,0.38440000,0.39140000,0.37050000,0.38340000,131765655.60000000,1699833599999,50376128.91699000,148430,66107343.80000000,25276787.90235000,0
2023-11-13,0.38350000,0.38850000,0.35290000,0.35680000,173268736.20000000,1699919999999,64114557.64853000,207312,84875436.80000000,31395999.79551000,0
2023-11-14,0.35680000,0.37190000,0.34000000,0.35790000,162292352.20000000,1700006399999,58129604.08352000,200881,78665102.60000000,28185764.61037000,0
2023-11-15,0.35790000,0.37940000,0.35340000,0.37880000,127946698.00000000,1700092799999,47114589.61189000,150521,62156978.40000000,22891923.79476000,0
2023-11-16,0.37870000,0.40950000,0.35850000,0.37060000,307196631.10000000,1700179199999,118437307.09425000,374557,154013471.20000000,59409864.22082000,0
2023-11-17,0.37070000,0.37830000,0.35270000,0.36710000,142430049.90000000,1700265599999,52290392.26441000,167500,69840761.20000000,25650875.35134000,0
2023-11-18,0.36710000,0.37770000,0.34880000,0.37720000,112215311.80000000,1700351999999,40864280.09910000,122169,58684951.00000000,21381959.62146000,0
2023-11-19,0.37710000,0.38570000,0.36870000,0.38400000,101902781.30000000,1700438399999,38387971.20180000,108833,49483335.70000000,18653240.85579000,0
2023-11-20,0.38400000,0.39940000,0.37800000,0.38040000,132991378.70000000,1700524799999,51637254.31026000,144441,65288954.00000000,25364964.62052000,0
2023-11-21,0.38030000,0.38990000,0.35510000,0.35660000,169158003.70000000,1700611199999,63056688.07199000,198812,81315112.30000000,30337214.59499000,0
2023-11-22,0.35660000,0.38740000,0.35530000,0.38050000,93647895.70000000,1700697599999,34925607.49804000,107286,47385317.50000000,17681418.60026000,0
2023-11-23,0.38050000,0.38740000,0.37600000,0.38730000,68175668.90000000,1700783999999,26044261.13508000,75262,34351028.60000000,13126122.79098000,0
2023-11-24,0.38720000,0.39770000,0.38360000,0.38620000,108957051.40000000,1700870399999,42555097.07189000,120145,52359046.10000000,20453642.98924000,0
2023-11-25,0.38620000,0.39590000,0.38450000,0.39410000,52139797.70000000,1700956799999,20428192.81009000,62329,25944505.40000000,10167029.51047000,0
2023-11-26,0.39420000,0.39560000,0.37820000,0.38730000,64465067.70000000,1701043199999,25032105.93793000,77297,30073864.50000000,11676011.05671000,0
2023-11-27,0.38740000,0.39220000,0.37120000,0.37770000,70669351.50000000,1701129599999,26862849.37163000,90017,33724904.00000000,12820966.37623000,0
2023-11-28,0.37780000,0.38830000,0.36930000,0.38580000,79174386.60000000,1701215999999,30056629.96875000,89287,39326104.40000000,14934722.35293000,0
2023-11-29,0.38570000,0.38920000,0.37750000,0.38160000,68200523.60000000,1701302399999,26203000.01848000,78311,33711014.60000000,12952954.04503000,0
2023-11-30,0.38170000,0.38290000,0.37190000,0.37590000,59930456.80000000,1701388799999,22527228.97066000,74829,28443580.10000000,10690671.30876000,0
2023-12-01,0.37600000,0.38550000,0.37360000,0.38440000,56334397.50000000,1701475199999,21463527.29523000,64622,28128294.10000000,10716799.34133000,0
2023-12-02,0.38440000,0.39800000,0.38270000,0.39760000,68638568.30000000,1701561599999,26791837.05590000,77129,34508138.10000000,13478472.24893000,0
2023-12-03,0.39760000,0.40300000,0.38780000,0.39490000,91882676.80000000,1701647999999,36255492.70863000,99774,45291891.80000000,17878764.82656000,0
2023-12-04,0.39480000,0.41500000,0.39110000,0.40680000,177280730.90000000,1701734399999,71595207.90761000,199303,91523663.40000000,36980545.62028000,0
2023-12-05,0.40690000,0.42600000,0.39690000,0.42570000,153779346.50000000,1701820799999,63266846.14246000,169741,79566650.90000000,32783168.93586000,0
2023-12-06,0.42580000,0.45500000,0.41620000,0.44290000,270929667.90000000,1701907199999,118328355.02696000,317816,134218950.20000000,58648962.18047000,0
2023-12-07,0.44310000,0.45990000,0.43120000,0.45550000,180487882.70000000,1701993599999,80570510.54735000,213948,88625758.90000000,39569059.14235000,0
2023-12-08,0.45550000,0.57190000,0.45190000,0.54540000,514331728.70000000,1702079999999,268831873.28653000,690430,259493917.40000000,135457486.66077000,0
2023-12-09,0.54550000,0.64740000,0.54410000,0.57910000,716161289.80000000,1702166399999,430440055.48947000,1024525,362750872.90000000,217952003.16488000,0
2023-12-10,0.57910000,0.61670000,0.56940000,0.59480000,307447745.20000000,1702252799999,182506293.96298000,411015,153985596.30000000,91430385.09723000,0
2023-12-11,0.59470000,0.59840000,0.51060000,0.55070000,403945042.20000000,1702339199999,221900781.05720000,565844,198752811.00000000,109155119.37287000,0
2023-12-12,0.55070000,0.60750000,0.55060000,0.57840000,348838584.30000000,1702425599999,202207307.75950000,468807,171645234.60000000,99533166.81790000,0
2023-12-13,0.57840000,0.67880000,0.54190000,0.66750000,493921678.80000000,1702511999999,301799580.12334000,748404,256450865.40000000,156882655.60063000,0
2023-12-14,0.66770000,0.68000000,0.61000000,0.64330000,345212494.20000000,1702598399999,223926364.89631000,563071,168400263.40000000,109325785.56332000,0
2023-12-15,0.64330000,0.65410000,0.59980000,0.60040000,240571744.10000000,1702684799999,150971686.86327000,334803,115481568.00000000,72467303.51106000,0
2023-12-16,0.60040000,0.62580000,0.58650000,0.60780000,152365355.70000000,1702771199999,93165781.45232000,225436,74102491.40000000,45337020.84570000,0
2023-12-17,0.60780000,0.61820000,0.57720000,0.58040000,133192915.30000000,1702857599999,79541096.25177000,205560,62406821.90000000,37285937.35002000,0
2023-12-18,0.58050000,0.60320000,0.54350000,0.60210000,204175142.00000000,1702943999999,116740137.23098000,268827,98875642.70000000,56624636.59095000,0
2023-12-19,0.60200000,0.61730000,0.56610000,0.57610000,198847462.10000000,1703030399999,117888095.70645000,263424,96386033.40000000,57166682.83828000,0
2023-12-20,0.57600000,0.61000000,0.56860000,0.58940000,198909767.80000000,1703116799999,117695306.98198000,258663,99868803.70000000,59098242.80046000,0
2023-12-21,0.58930000,0.63970000,0.58180000,0.63510000,226299061.90000000,1703203199999,137818976.62745000,306890,115917232.50000000,70657701.88957000,0
2023-12-22,0.63520000,0.65130000,0.60520000,0.62260000,214849930.80000000,1703289599999,134495989.98240000,318419,103513292.80000000,64839215.33461000,0
2023-12-23,0.62250000,0.62310000,0.59640000,0.61300000,126272911.70000000,1703375999999,76532802.30518000,159057,61162986.20000000,37078761.95602000,0
2023-12-24,0.61300000,0.62860000,0.58500000,0.59190000,217308386.00000000,1703462399999,132896667.88659000,275978,104164717.90000000,63760160.05661000,0
2023-12-25,0.59190000,0.63500000,0.58900000,0.62420000,163634887.80000000,1703548799999,100302708.50801000,202702,84454840.70000000,51799090.47812000,0
2023-12-26,0.62400000,0.62790000,0.56010000,0.60870000,221963239.70000000,1703635199999,133916166.27744000,318817,107214676.10000000,64742857.94280000,0
2023-12-27,0.60870000,0.64300000,0.58390000,0.63340000,229068834.30000000,1703721599999,141756656.88542000,313049,118341095.70000000,73303585.27150000,0
2023-12-28,0.63340000,0.67690000,0.61000000,0.61580000,321217533.20000000,1703807999999,205948966.08632000,501268,158425489.60000000,101715625.76898000,0
2023-12-29,0.61580000,0.62580000,0.59080000,0.60830000,195162581.00000000,1703894399999,118972507.00499000,257434,94101324.00000000,57387956.02387000,0
2023-12-30,0.60820000,0.61330000,0.59290000,0.60110000,96059388.40000000,1703980799999,58088553.25719000,127117,45418538.80000000,27469321.83509000,0
